{
  "classname": null,
  "name": null,
  "animation": {
    "classname": null,
    "name": "AnimationManager",
    "actionlist": []
  },
  "dataScale": 1,
  "designHeight": 960,
  "designWidth": 640,
  "textures": [
    "res.plist"
  ],
  "texturesPng": [
    "res.plist"
  ],
  "version": "1.5.0.0",
  "widgetTree": {
    "classname": "Panel",
    "name": null,
    "children": [
      {
        "classname": "Panel",
        "name": null,
        "children": [
          {
            "classname": "Button",
            "name": null,
            "children": [],
            "options": {
              "__type": "ButtonSurrogate:#EditorCommon.JsonModel.Component.GUI",
              "classname": "Button",
              "name": "btnChange",
              "ZOrder": 3,
              "actiontag": 27,
              "anchorPointX": 0.5,
              "anchorPointY": 0.5,
              "classType": "CocoStudio.EngineAdapterWrap.CSButton",
              "colorB": 255,
              "colorG": 255,
              "colorR": 255,
              "customProperty": "",
              "flipX": false,
              "flipY": false,
              "height": 60,
              "ignoreSize": false,
              "layoutParameter": {
                "classname": null,
                "name": null,
                "align": 5,
                "gravity": 0,
                "layoutEageType": 0,
                "layoutNormalHorizontal": 0,
                "layoutNormalVertical": 0,
                "layoutParentHorizontal": 0,
                "layoutParentVertical": 0,
                "marginDown": 0,
                "marginLeft": 0,
                "marginRight": 0,
                "marginTop": 0,
                "relativeName": "btnChange",
                "relativeToName": "topContainer",
                "type": 2
              },
              "opacity": 255,
              "positionPercentX": 0.5,
              "positionPercentY": 0.5,
              "positionType": 0,
              "rotation": 0,
              "scaleX": 1,
              "scaleY": 1,
              "sizePercentX": 0.203125,
              "sizePercentY": 0.857142866,
              "sizeType": 0,
              "tag": 1,
              "touchAble": true,
              "useMergedTexture": false,
              "visible": true,
              "width": 130,
              "x": 320,
              "y": 35,
              "capInsetsHeight": 1,
              "capInsetsWidth": 1,
              "capInsetsX": 0,
              "capInsetsY": 0,
              "disabled": null,
              "disabledData": {
                "path": null,
                "plistFile": null,
                "resourceType": 0
              },
              "fontName": "微软雅黑",
              "fontSize": 14,
              "fontType": 0,
              "normal": null,
              "normalData": {
                "path": "btnExchangeN.png",
                "plistFile": "res.plist",
                "resourceType": 1
              },
              "pressed": null,
              "pressedData": {
                "path": null,
                "plistFile": null,
                "resourceType": 0
              },
              "scale9Enable": false,
              "scale9Height": 60,
              "scale9Width": 130,
              "text": "",
              "textColorB": 255,
              "textColorG": 255,
              "textColorR": 255
            }
          },
          {
            "classname": "Button",
            "name": null,
            "children": [],
            "options": {
              "__type": "ButtonSurrogate:#EditorCommon.JsonModel.Component.GUI",
              "classname": "Button",
              "name": "btnBack",
              "ZOrder": 4,
              "actiontag": 26,
              "anchorPointX": 0.5,
              "anchorPointY": 0.5,
              "classType": "CocoStudio.EngineAdapterWrap.CSButton",
              "colorB": 255,
              "colorG": 255,
              "colorR": 255,
              "customProperty": "",
              "flipX": false,
              "flipY": false,
              "height": 60,
              "ignoreSize": false,
              "layoutParameter": {
                "classname": null,
                "name": null,
                "align": 4,
                "gravity": 0,
                "layoutEageType": 0,
                "layoutNormalHorizontal": 0,
                "layoutNormalVertical": 0,
                "layoutParentHorizontal": 0,
                "layoutParentVertical": 0,
                "marginDown": 0,
                "marginLeft": 15,
                "marginRight": 0,
                "marginTop": 0,
                "relativeName": "btnBack",
                "relativeToName": "topContainer",
                "type": 2
              },
              "opacity": 255,
              "positionPercentX": 0.1171875,
              "positionPercentY": 0.5,
              "positionType": 0,
              "rotation": 0,
              "scaleX": 1,
              "scaleY": 1,
              "sizePercentX": 0.1875,
              "sizePercentY": 0.857142866,
              "sizeType": 0,
              "tag": 0,
              "touchAble": true,
              "useMergedTexture": false,
              "visible": true,
              "width": 120,
              "x": 75,
              "y": 35,
              "capInsetsHeight": 1,
              "capInsetsWidth": 1,
              "capInsetsX": 0,
              "capInsetsY": 0,
              "disabled": null,
              "disabledData": {
                "path": null,
                "plistFile": null,
                "resourceType": 0
              },
              "fontName": "微软雅黑",
              "fontSize": 14,
              "fontType": 0,
              "normal": null,
              "normalData": {
                "path": "btnBackN.png",
                "plistFile": "res.plist",
                "resourceType": 1
              },
              "pressed": null,
              "pressedData": {
                "path": "btnBackT.png",
                "plistFile": "res.plist",
                "resourceType": 1
              },
              "scale9Enable": false,
              "scale9Height": 60,
              "scale9Width": 120,
              "text": "",
              "textColorB": 255,
              "textColorG": 255,
              "textColorR": 255
            }
          },
          {
            "classname": "Label",
            "name": null,
            "children": [],
            "options": {
              "__type": "LabelSurrogate:#EditorCommon.JsonModel.Component.GUI",
              "classname": "Label",
              "name": "lblVotes",
              "ZOrder": 3,
              "actiontag": 29,
              "anchorPointX": 0.5,
              "anchorPointY": 0.5,
              "classType": "CocoStudio.EngineAdapterWrap.CSLabel",
              "colorB": 255,
              "colorG": 255,
              "colorR": 255,
              "customProperty": "",
              "flipX": false,
              "flipY": false,
              "height": 36,
              "ignoreSize": false,
              "layoutParameter": {
                "classname": null,
                "name": null,
                "align": 6,
                "gravity": 0,
                "layoutEageType": 0,
                "layoutNormalHorizontal": 0,
                "layoutNormalVertical": 0,
                "layoutParentHorizontal": 0,
                "layoutParentVertical": 0,
                "marginDown": 0,
                "marginLeft": 0,
                "marginRight": 10,
                "marginTop": 0,
                "relativeName": "lblVotes",
                "relativeToName": "topContainer",
                "type": 2
              },
              "opacity": 255,
              "positionPercentX": 0.9296875,
              "positionPercentY": 0.5,
              "positionType": 0,
              "rotation": 0,
              "scaleX": 1,
              "scaleY": 1,
              "sizePercentX": 0.109375,
              "sizePercentY": 0.514285743,
              "sizeType": 0,
              "tag": 1,
              "touchAble": false,
              "useMergedTexture": false,
              "visible": true,
              "width": 70,
              "x": 595,
              "y": 35,
              "areaHeight": 36,
              "areaWidth": 70,
              "fontFile": null,
              "fontName": "微软雅黑",
              "fontSize": 26,
              "hAlignment": 0,
              "text": "0",
              "touchScaleEnable": false,
              "vAlignment": 1
            }
          },
          {
            "classname": "Label",
            "name": null,
            "children": [],
            "options": {
              "__type": "LabelSurrogate:#EditorCommon.JsonModel.Component.GUI",
              "classname": "Label",
              "name": "lblVOTE",
              "ZOrder": 0,
              "actiontag": 51028871,
              "anchorPointX": 0.5,
              "anchorPointY": 0.5,
              "classType": "CocoStudio.EngineAdapterWrap.CSLabel",
              "colorB": 244,
              "colorG": 244,
              "colorR": 247,
              "customProperty": "",
              "flipX": false,
              "flipY": false,
              "height": 45,
              "ignoreSize": false,
              "layoutParameter": {
                "classname": null,
                "name": null,
                "align": 14,
                "gravity": 0,
                "layoutEageType": 0,
                "layoutNormalHorizontal": 0,
                "layoutNormalVertical": 0,
                "layoutParentHorizontal": 0,
                "layoutParentVertical": 0,
                "marginDown": 0,
                "marginLeft": 0,
                "marginRight": 5,
                "marginTop": 0,
                "relativeName": "lblVOTE",
                "relativeToName": "lblVotes",
                "type": 2
              },
              "opacity": 255,
              "positionPercentX": 0.75,
              "positionPercentY": 0.5,
              "positionType": 0,
              "rotation": 0,
              "scaleX": 1,
              "scaleY": 1,
              "sizePercentX": 0.234375,
              "sizePercentY": 0.642857134,
              "sizeType": 0,
              "tag": 0,
              "touchAble": false,
              "useMergedTexture": false,
              "visible": true,
              "width": 150,
              "x": 480,
              "y": 35,
              "areaHeight": 45,
              "areaWidth": 150,
              "fontFile": null,
              "fontName": "微软雅黑",
              "fontSize": 26,
              "hAlignment": 2,
              "text": "可投票数：",
              "touchScaleEnable": false,
              "vAlignment": 1
            }
          }
        ],
        "options": {
          "__type": "PanelSurrogate:#EditorCommon.JsonModel.Component.GUI",
          "classname": "Panel",
          "name": "topContainer",
          "ZOrder": 3,
          "actiontag": 24,
          "anchorPointX": 0,
          "anchorPointY": 0,
          "classType": "CocoStudio.EngineAdapterWrap.CSPanel",
          "colorB": 53,
          "colorG": 53,
          "colorR": 59,
          "customProperty": "",
          "flipX": false,
          "flipY": false,
          "height": 70,
          "ignoreSize": false,
          "layoutParameter": {
            "classname": null,
            "name": null,
            "align": 1,
            "gravity": 0,
            "layoutEageType": 0,
            "layoutNormalHorizontal": 0,
            "layoutNormalVertical": 0,
            "layoutParentHorizontal": 0,
            "layoutParentVertical": 0,
            "marginDown": 0,
            "marginLeft": 0,
            "marginRight": 0,
            "marginTop": 0,
            "relativeName": "topContainer",
            "relativeToName": "Panel",
            "type": 2
          },
          "opacity": 0,
          "positionPercentX": 0,
          "positionPercentY": 0.9270833,
          "positionType": 0,
          "rotation": 0,
          "scaleX": 1,
          "scaleY": 1,
          "sizePercentX": 1,
          "sizePercentY": 0.0729166642,
          "sizeType": 0,
          "tag": 0,
          "touchAble": true,
          "useMergedTexture": false,
          "visible": true,
          "width": 640,
          "x": 0,
          "y": 890,
          "adaptScreen": false,
          "backGroundImage": null,
          "backGroundImageData": null,
          "backGroundScale9Enable": false,
          "bgColorB": 94,
          "bgColorG": 94,
          "bgColorOpacity": 0,
          "bgColorR": 79,
          "bgEndColorB": 255,
          "bgEndColorG": 200,
          "bgEndColorR": 150,
          "bgStartColorB": 255,
          "bgStartColorG": 255,
          "bgStartColorR": 255,
          "capInsetsHeight": 1,
          "capInsetsWidth": 1,
          "capInsetsX": 0,
          "capInsetsY": 0,
          "clipAble": false,
          "colorType": 1,
          "layoutType": 3,
          "vectorX": 0,
          "vectorY": -0.5
        }
      },
      {
        "classname": "ImageView",
        "name": null,
        "children": [],
        "options": {
          "__type": "ImageViewSurrogate:#EditorCommon.JsonModel.Component.GUI",
          "classname": "ImageView",
          "name": "mainBg",
          "ZOrder": 1,
          "actiontag": 25,
          "anchorPointX": 0.5,
          "anchorPointY": 0.5,
          "classType": "CocoStudio.EngineAdapterWrap.CSImageView",
          "colorB": 255,
          "colorG": 255,
          "colorR": 255,
          "customProperty": "",
          "flipX": false,
          "flipY": false,
          "height": 1136,
          "ignoreSize": false,
          "layoutParameter": {
            "classname": null,
            "name": null,
            "align": 1,
            "gravity": 0,
            "layoutEageType": 0,
            "layoutNormalHorizontal": 0,
            "layoutNormalVertical": 0,
            "layoutParentHorizontal": 0,
            "layoutParentVertical": 0,
            "marginDown": 0,
            "marginLeft": 0,
            "marginRight": 0,
            "marginTop": 0,
            "relativeName": "mainBg",
            "relativeToName": "Panel",
            "type": 2
          },
          "opacity": 255,
          "positionPercentX": 0.5,
          "positionPercentY": 0.408333331,
          "positionType": 0,
          "rotation": 0,
          "scaleX": 1,
          "scaleY": 1,
          "sizePercentX": 1,
          "sizePercentY": 1.18333328,
          "sizeType": 0,
          "tag": 0,
          "touchAble": false,
          "useMergedTexture": false,
          "visible": true,
          "width": 640,
          "x": 320,
          "y": 392,
          "capInsetsHeight": 1,
          "capInsetsWidth": 1,
          "capInsetsX": 0,
          "capInsetsY": 0,
          "fileName": null,
          "fileNameData": {
            "path": "mainBg.jpg",
            "plistFile": "res.plist",
            "resourceType": 1
          },
          "scale9Enable": false,
          "scale9Height": 1136,
          "scale9Width": 640
        }
      },
      {
        "classname": "Panel",
        "name": null,
        "children": [],
        "options": {
          "__type": "PanelSurrogate:#EditorCommon.JsonModel.Component.GUI",
          "classname": "Panel",
          "name": "tableViewContainer",
          "ZOrder": 3,
          "actiontag": 31,
          "anchorPointX": 0,
          "anchorPointY": 0,
          "classType": "CocoStudio.EngineAdapterWrap.CSPanel",
          "colorB": 240,
          "colorG": 240,
          "colorR": 245,
          "customProperty": "",
          "flipX": false,
          "flipY": false,
          "height": 736,
          "ignoreSize": false,
          "layoutParameter": {
            "classname": null,
            "name": null,
            "align": 2,
            "gravity": 0,
            "layoutEageType": 0,
            "layoutNormalHorizontal": 0,
            "layoutNormalVertical": 0,
            "layoutParentHorizontal": 0,
            "layoutParentVertical": 0,
            "marginDown": 0,
            "marginLeft": 0,
            "marginRight": 0,
            "marginTop": 397,
            "relativeName": "tableViewContainer",
            "relativeToName": "Panel",
            "type": 2
          },
          "opacity": 255,
          "positionPercentX": 0.0234375,
          "positionPercentY": -0.18020834,
          "positionType": 0,
          "rotation": 0,
          "scaleX": 1,
          "scaleY": 1,
          "sizePercentX": 0.953125,
          "sizePercentY": 0.766666651,
          "sizeType": 0,
          "tag": 0,
          "touchAble": true,
          "useMergedTexture": false,
          "visible": true,
          "width": 610,
          "x": 15,
          "y": -173,
          "adaptScreen": false,
          "backGroundImage": null,
          "backGroundImageData": null,
          "backGroundScale9Enable": false,
          "bgColorB": 235,
          "bgColorG": 239,
          "bgColorOpacity": 100,
          "bgColorR": 245,
          "bgEndColorB": 255,
          "bgEndColorG": 200,
          "bgEndColorR": 150,
          "bgStartColorB": 255,
          "bgStartColorG": 255,
          "bgStartColorR": 255,
          "capInsetsHeight": 1,
          "capInsetsWidth": 1,
          "capInsetsX": 0,
          "capInsetsY": 0,
          "clipAble": false,
          "colorType": 0,
          "layoutType": 3,
          "vectorX": 0,
          "vectorY": -0.5
        }
      },
      {
        "classname": "Button",
        "name": null,
        "children": [],
        "options": {
          "__type": "ButtonSurrogate:#EditorCommon.JsonModel.Component.GUI",
          "classname": "Button",
          "name": "btnIntroduce",
          "ZOrder": 3,
          "actiontag": 32,
          "anchorPointX": 0.5,
          "anchorPointY": 0.5,
          "classType": "CocoStudio.EngineAdapterWrap.CSButton",
          "colorB": 255,
          "colorG": 255,
          "colorR": 255,
          "customProperty": "",
          "flipX": false,
          "flipY": false,
          "height": 120,
          "ignoreSize": false,
          "layoutParameter": {
            "classname": null,
            "name": null,
            "align": 12,
            "gravity": 0,
            "layoutEageType": 0,
            "layoutNormalHorizontal": 0,
            "layoutNormalVertical": 0,
            "layoutParentHorizontal": 0,
            "layoutParentVertical": 0,
            "marginDown": 0,
            "marginLeft": 0,
            "marginRight": 130,
            "marginTop": 120,
            "relativeName": "btnIntroduce",
            "relativeToName": "tableViewContainer",
            "type": 2
          },
          "opacity": 255,
          "positionPercentX": 0.6796875,
          "positionPercentY": 0.6489583,
          "positionType": 0,
          "rotation": 0,
          "scaleX": 1,
          "scaleY": 1,
          "sizePercentX": 0.1875,
          "sizePercentY": 0.125,
          "sizeType": 0,
          "tag": 1,
          "touchAble": true,
          "useMergedTexture": false,
          "visible": true,
          "width": 120,
          "x": 435,
          "y": 623,
          "capInsetsHeight": 1,
          "capInsetsWidth": 1,
          "capInsetsX": 0,
          "capInsetsY": 0,
          "disabled": null,
          "disabledData": {
            "path": null,
            "plistFile": null,
            "resourceType": 0
          },
          "fontName": "微软雅黑",
          "fontSize": 26,
          "fontType": 0,
          "normal": null,
          "normalData": {
            "path": "btnIntroduceN.png",
            "plistFile": "res.plist",
            "resourceType": 1
          },
          "pressed": null,
          "pressedData": {
            "path": "btnIntroduceT.png",
            "plistFile": "res.plist",
            "resourceType": 1
          },
          "scale9Enable": false,
          "scale9Height": 120,
          "scale9Width": 120,
          "text": "",
          "textColorB": 255,
          "textColorG": 255,
          "textColorR": 255
        }
      },
      {
        "classname": "Button",
        "name": null,
        "children": [],
        "options": {
          "__type": "ButtonSurrogate:#EditorCommon.JsonModel.Component.GUI",
          "classname": "Button",
          "name": "btnMyprize",
          "ZOrder": 3,
          "actiontag": 33,
          "anchorPointX": 0.5,
          "anchorPointY": 0.5,
          "classType": "CocoStudio.EngineAdapterWrap.CSButton",
          "colorB": 255,
          "colorG": 255,
          "colorR": 255,
          "customProperty": "",
          "flipX": false,
          "flipY": false,
          "height": 120,
          "ignoreSize": false,
          "layoutParameter": {
            "classname": null,
            "name": null,
            "align": 12,
            "gravity": 0,
            "layoutEageType": 0,
            "layoutNormalHorizontal": 0,
            "layoutNormalVertical": 0,
            "layoutParentHorizontal": 0,
            "layoutParentVertical": 0,
            "marginDown": 0,
            "marginLeft": 0,
            "marginRight": 15,
            "marginTop": 0,
            "relativeName": "btnMyprize",
            "relativeToName": "tableViewContainer",
            "type": 2
          },
          "opacity": 255,
          "positionPercentX": 0.859375,
          "positionPercentY": 0.6489583,
          "positionType": 0,
          "rotation": 0,
          "scaleX": 1,
          "scaleY": 1,
          "sizePercentX": 0.1875,
          "sizePercentY": 0.125,
          "sizeType": 0,
          "tag": 0,
          "touchAble": true,
          "useMergedTexture": false,
          "visible": true,
          "width": 120,
          "x": 550,
          "y": 623,
          "capInsetsHeight": 1,
          "capInsetsWidth": 1,
          "capInsetsX": 0,
          "capInsetsY": 0,
          "disabled": null,
          "disabledData": {
            "path": null,
            "plistFile": null,
            "resourceType": 0
          },
          "fontName": "微软雅黑",
          "fontSize": 26,
          "fontType": 0,
          "normal": null,
          "normalData": {
            "path": "btnMyprizeN.png",
            "plistFile": "res.plist",
            "resourceType": 1
          },
          "pressed": null,
          "pressedData": {
            "path": "btnMyprizeT.png",
            "plistFile": "res.plist",
            "resourceType": 1
          },
          "scale9Enable": false,
          "scale9Height": 120,
          "scale9Width": 120,
          "text": "",
          "textColorB": 255,
          "textColorG": 255,
          "textColorR": 255
        }
      },
      {
        "classname": "ImageView",
        "name": null,
        "children": [],
        "options": {
          "__type": "ImageViewSurrogate:#EditorCommon.JsonModel.Component.GUI",
          "classname": "ImageView",
          "name": "logo",
          "ZOrder": 2,
          "actiontag": 34,
          "anchorPointX": 0.5,
          "anchorPointY": 0.5,
          "classType": "CocoStudio.EngineAdapterWrap.CSImageView",
          "colorB": 255,
          "colorG": 255,
          "colorR": 255,
          "customProperty": "",
          "flipX": false,
          "flipY": false,
          "height": 91,
          "ignoreSize": false,
          "layoutParameter": {
            "classname": null,
            "name": null,
            "align": 19,
            "gravity": 0,
            "layoutEageType": 0,
            "layoutNormalHorizontal": 0,
            "layoutNormalVertical": 0,
            "layoutParentHorizontal": 0,
            "layoutParentVertical": 0,
            "marginDown": 0,
            "marginLeft": 10,
            "marginRight": 0,
            "marginTop": 10,
            "relativeName": "logo",
            "relativeToName": "topContainer",
            "type": 2
          },
          "opacity": 255,
          "positionPercentX": 0.134375,
          "positionPercentY": 0.869270861,
          "positionType": 0,
          "rotation": 0,
          "scaleX": 1,
          "scaleY": 1,
          "sizePercentX": 0.2375,
          "sizePercentY": 0.0947916657,
          "sizeType": 0,
          "tag": 0,
          "touchAble": false,
          "useMergedTexture": false,
          "visible": true,
          "width": 152,
          "x": 86,
          "y": 834,
          "capInsetsHeight": 1,
          "capInsetsWidth": 1,
          "capInsetsX": 0,
          "capInsetsY": 0,
          "fileName": null,
          "fileNameData": {
            "path": "imgLogo.png",
            "plistFile": "res.plist",
            "resourceType": 1
          },
          "scale9Enable": false,
          "scale9Height": 91,
          "scale9Width": 152
        }
      },
      {
        "classname": "Panel",
        "name": null,
        "children": [
          {
            "classname": "Panel",
            "name": null,
            "children": [
              {
                "classname": "ImageView",
                "name": null,
                "children": [],
                "options": {
                  "__type": "ImageViewSurrogate:#EditorCommon.JsonModel.Component.GUI",
                  "classname": "ImageView",
                  "name": "imgChange",
                  "ZOrder": 0,
                  "actiontag": 37,
                  "anchorPointX": 0.5,
                  "anchorPointY": 0.5,
                  "classType": "CocoStudio.EngineAdapterWrap.CSImageView",
                  "colorB": 255,
                  "colorG": 255,
                  "colorR": 255,
                  "customProperty": "",
                  "flipX": false,
                  "flipY": false,
                  "height": 252,
                  "ignoreSize": false,
                  "layoutParameter": {
                    "classname": null,
                    "name": null,
                    "align": 5,
                    "gravity": 0,
                    "layoutEageType": 0,
                    "layoutNormalHorizontal": 0,
                    "layoutNormalVertical": 0,
                    "layoutParentHorizontal": 0,
                    "layoutParentVertical": 0,
                    "marginDown": 0,
                    "marginLeft": 0,
                    "marginRight": 0,
                    "marginTop": 0,
                    "relativeName": "imgChange",
                    "relativeToName": "changContainer",
                    "type": 2
                  },
                  "opacity": 255,
                  "positionPercentX": 0.5,
                  "positionPercentY": 0.5,
                  "positionType": 0,
                  "rotation": 0,
                  "scaleX": 1,
                  "scaleY": 1,
                  "sizePercentX": 1,
                  "sizePercentY": 1,
                  "sizeType": 0,
                  "tag": 0,
                  "touchAble": false,
                  "useMergedTexture": false,
                  "visible": true,
                  "width": 524,
                  "x": 262,
                  "y": 126,
                  "capInsetsHeight": 1,
                  "capInsetsWidth": 1,
                  "capInsetsX": 0,
                  "capInsetsY": 0,
                  "fileName": null,
                  "fileNameData": {
                    "path": "changeBg.png",
                    "plistFile": "res.plist",
                    "resourceType": 1
                  },
                  "scale9Enable": false,
                  "scale9Height": 252,
                  "scale9Width": 524
                }
              },
              {
                "classname": "Button",
                "name": null,
                "children": [],
                "options": {
                  "__type": "ButtonSurrogate:#EditorCommon.JsonModel.Component.GUI",
                  "classname": "Button",
                  "name": "btnConfirm",
                  "ZOrder": 0,
                  "actiontag": 38,
                  "anchorPointX": 0.5,
                  "anchorPointY": 0.5,
                  "classType": "CocoStudio.EngineAdapterWrap.CSButton",
                  "colorB": 255,
                  "colorG": 255,
                  "colorR": 255,
                  "customProperty": "",
                  "flipX": false,
                  "flipY": false,
                  "height": 40,
                  "ignoreSize": false,
                  "layoutParameter": {
                    "classname": null,
                    "name": null,
                    "align": 9,
                    "gravity": 0,
                    "layoutEageType": 0,
                    "layoutNormalHorizontal": 0,
                    "layoutNormalVertical": 0,
                    "layoutParentHorizontal": 0,
                    "layoutParentVertical": 0,
                    "marginDown": 15,
                    "marginLeft": 0,
                    "marginRight": 140,
                    "marginTop": 0,
                    "relativeName": "btnConfirm",
                    "relativeToName": "changContainer",
                    "type": 2
                  },
                  "opacity": 255,
                  "positionPercentX": 0.637404561,
                  "positionPercentY": 0.1388889,
                  "positionType": 0,
                  "rotation": 0,
                  "scaleX": 1,
                  "scaleY": 1,
                  "sizePercentX": 0.1908397,
                  "sizePercentY": 0.158730164,
                  "sizeType": 0,
                  "tag": 0,
                  "touchAble": true,
                  "useMergedTexture": false,
                  "visible": true,
                  "width": 100,
                  "x": 334,
                  "y": 35,
                  "capInsetsHeight": 1,
                  "capInsetsWidth": 1,
                  "capInsetsX": 0,
                  "capInsetsY": 0,
                  "disabled": null,
                  "disabledData": {
                    "path": null,
                    "plistFile": null,
                    "resourceType": 0
                  },
                  "fontName": "微软雅黑",
                  "fontSize": 14,
                  "fontType": 0,
                  "normal": null,
                  "normalData": {
                    "path": "btnConfirmN.png",
                    "plistFile": "res.plist",
                    "resourceType": 1
                  },
                  "pressed": null,
                  "pressedData": {
                    "path": "btnConfirmT.png",
                    "plistFile": "res.plist",
                    "resourceType": 1
                  },
                  "scale9Enable": false,
                  "scale9Height": 40,
                  "scale9Width": 100,
                  "text": "",
                  "textColorB": 255,
                  "textColorG": 255,
                  "textColorR": 255
                }
              },
              {
                "classname": "Button",
                "name": null,
                "children": [],
                "options": {
                  "__type": "ButtonSurrogate:#EditorCommon.JsonModel.Component.GUI",
                  "classname": "Button",
                  "name": "btnCancel",
                  "ZOrder": 0,
                  "actiontag": 39,
                  "anchorPointX": 0.5,
                  "anchorPointY": 0.5,
                  "classType": "CocoStudio.EngineAdapterWrap.CSButton",
                  "colorB": 255,
                  "colorG": 255,
                  "colorR": 255,
                  "customProperty": "",
                  "flipX": false,
                  "flipY": false,
                  "height": 40,
                  "ignoreSize": false,
                  "layoutParameter": {
                    "classname": null,
                    "name": null,
                    "align": 17,
                    "gravity": 0,
                    "layoutEageType": 0,
                    "layoutNormalHorizontal": 0,
                    "layoutNormalVertical": 0,
                    "layoutParentHorizontal": 0,
                    "layoutParentVertical": 0,
                    "marginDown": 0,
                    "marginLeft": 20,
                    "marginRight": 0,
                    "marginTop": 0,
                    "relativeName": "btnCancel",
                    "relativeToName": "btnConfirm",
                    "type": 2
                  },
                  "opacity": 255,
                  "positionPercentX": 0.8664122,
                  "positionPercentY": 0.1388889,
                  "positionType": 0,
                  "rotation": 0,
                  "scaleX": 1,
                  "scaleY": 1,
                  "sizePercentX": 0.1908397,
                  "sizePercentY": 0.158730164,
                  "sizeType": 0,
                  "tag": 0,
                  "touchAble": true,
                  "useMergedTexture": false,
                  "visible": true,
                  "width": 100,
                  "x": 454,
                  "y": 35,
                  "capInsetsHeight": 1,
                  "capInsetsWidth": 1,
                  "capInsetsX": 0,
                  "capInsetsY": 0,
                  "disabled": null,
                  "disabledData": {
                    "path": null,
                    "plistFile": null,
                    "resourceType": 0
                  },
                  "fontName": "微软雅黑",
                  "fontSize": 14,
                  "fontType": 0,
                  "normal": null,
                  "normalData": {
                    "path": "btnCancelN.png",
                    "plistFile": "res.plist",
                    "resourceType": 1
                  },
                  "pressed": null,
                  "pressedData": {
                    "path": "btnCancelT.png",
                    "plistFile": "res.plist",
                    "resourceType": 1
                  },
                  "scale9Enable": false,
                  "scale9Height": 40,
                  "scale9Width": 100,
                  "text": "",
                  "textColorB": 255,
                  "textColorG": 255,
                  "textColorR": 255
                }
              },
              {
                "classname": "TextField",
                "name": null,
                "children": [],
                "options": {
                  "__type": "TextFieldSurrogate:#EditorCommon.JsonModel.Component.GUI",
                  "classname": "TextField",
                  "name": "txtTimes",
                  "ZOrder": 0,
                  "actiontag": 43,
                  "anchorPointX": 0.5,
                  "anchorPointY": 0.5,
                  "classType": "CocoStudio.EngineAdapterWrap.CSTextField",
                  "colorB": 28,
                  "colorG": 9,
                  "colorR": 79,
                  "customProperty": "",
                  "flipX": false,
                  "flipY": false,
                  "height": 30,
                  "ignoreSize": false,
                  "layoutParameter": {
                    "classname": null,
                    "name": null,
                    "align": 14,
                    "gravity": 0,
                    "layoutEageType": 0,
                    "layoutNormalHorizontal": 0,
                    "layoutNormalVertical": 0,
                    "layoutParentHorizontal": 0,
                    "layoutParentVertical": 0,
                    "marginDown": 0,
                    "marginLeft": 0,
                    "marginRight": 30,
                    "marginTop": 0,
                    "relativeName": "txtTimes",
                    "relativeToName": "btnConfirm",
                    "type": 2
                  },
                  "opacity": 255,
                  "positionPercentX": 0.389312983,
                  "positionPercentY": 0.1388889,
                  "positionType": 0,
                  "rotation": 0,
                  "scaleX": 1,
                  "scaleY": 1,
                  "sizePercentX": 0.1908397,
                  "sizePercentY": 0.119047619,
                  "sizeType": 0,
                  "tag": 0,
                  "touchAble": true,
                  "useMergedTexture": false,
                  "visible": true,
                  "width": 100,
                  "x": 204,
                  "y": 35,
                  "areaHeight": 30,
                  "areaWidth": 100,
                  "fontFile": null,
                  "fontName": "微软雅黑",
                  "fontSize": 26,
                  "maxLength": 10,
                  "maxLengthEnable": false,
                  "passwordEnable": false,
                  "passwordStyleText": "*",
                  "placeHolder": "",
                  "text": ""
                }
              },
              {
                "classname": "Label",
                "name": null,
                "children": [],
                "options": {
                  "__type": "LabelSurrogate:#EditorCommon.JsonModel.Component.GUI",
                  "classname": "Label",
                  "name": "lblCurPoints",
                  "ZOrder": 0,
                  "actiontag": 40,
                  "anchorPointX": 0.5,
                  "anchorPointY": 0.5,
                  "classType": "CocoStudio.EngineAdapterWrap.CSLabel",
                  "colorB": 0,
                  "colorG": 0,
                  "colorR": 0,
                  "customProperty": "",
                  "flipX": false,
                  "flipY": false,
                  "height": 32,
                  "ignoreSize": false,
                  "layoutParameter": {
                    "classname": null,
                    "name": null,
                    "align": 7,
                    "gravity": 0,
                    "layoutEageType": 0,
                    "layoutNormalHorizontal": 0,
                    "layoutNormalVertical": 0,
                    "layoutParentHorizontal": 0,
                    "layoutParentVertical": 0,
                    "marginDown": 68,
                    "marginLeft": 150,
                    "marginRight": 0,
                    "marginTop": 0,
                    "relativeName": "lblCurPoints",
                    "relativeToName": "changContainer",
                    "type": 2
                  },
                  "opacity": 255,
                  "positionPercentX": 0.3816794,
                  "positionPercentY": 0.333333343,
                  "positionType": 0,
                  "rotation": 0,
                  "scaleX": 1,
                  "scaleY": 1,
                  "sizePercentX": 0.1908397,
                  "sizePercentY": 0.126984134,
                  "sizeType": 0,
                  "tag": 0,
                  "touchAble": false,
                  "useMergedTexture": false,
                  "visible": true,
                  "width": 100,
                  "x": 200,
                  "y": 84,
                  "areaHeight": 32,
                  "areaWidth": 100,
                  "fontFile": null,
                  "fontName": "微软雅黑",
                  "fontSize": 26,
                  "hAlignment": 1,
                  "text": "0",
                  "touchScaleEnable": false,
                  "vAlignment": 1
                }
              },
              {
                "classname": "Label",
                "name": null,
                "children": [],
                "options": {
                  "__type": "LabelSurrogate:#EditorCommon.JsonModel.Component.GUI",
                  "classname": "Label",
                  "name": "lblChangeble",
                  "ZOrder": 0,
                  "actiontag": 57,
                  "anchorPointX": 0.5,
                  "anchorPointY": 0.5,
                  "classType": "CocoStudio.EngineAdapterWrap.CSLabel",
                  "colorB": 0,
                  "colorG": 0,
                  "colorR": 0,
                  "customProperty": "",
                  "flipX": false,
                  "flipY": false,
                  "height": 31,
                  "ignoreSize": false,
                  "layoutParameter": {
                    "classname": null,
                    "name": null,
                    "align": 9,
                    "gravity": 0,
                    "layoutEageType": 0,
                    "layoutNormalHorizontal": 0,
                    "layoutNormalVertical": 0,
                    "layoutParentHorizontal": 0,
                    "layoutParentVertical": 0,
                    "marginDown": 68,
                    "marginLeft": 0,
                    "marginRight": 10,
                    "marginTop": 0,
                    "relativeName": "lblChangeble",
                    "relativeToName": "changContainer",
                    "type": 2
                  },
                  "opacity": 255,
                  "positionPercentX": 0.8902672,
                  "positionPercentY": 0.3313492,
                  "positionType": 0,
                  "rotation": 0,
                  "scaleX": 1,
                  "scaleY": 1,
                  "sizePercentX": 0.1812977,
                  "sizePercentY": 0.123015873,
                  "sizeType": 0,
                  "tag": 0,
                  "touchAble": false,
                  "useMergedTexture": false,
                  "visible": true,
                  "width": 95,
                  "x": 466,
                  "y": 83,
                  "areaHeight": 31,
                  "areaWidth": 95,
                  "fontFile": null,
                  "fontName": "微软雅黑",
                  "fontSize": 26,
                  "hAlignment": 1,
                  "text": "0",
                  "touchScaleEnable": false,
                  "vAlignment": 1
                }
              }
            ],
            "options": {
              "__type": "PanelSurrogate:#EditorCommon.JsonModel.Component.GUI",
              "classname": "Panel",
              "name": "changContainer",
              "ZOrder": 1,
              "actiontag": 36,
              "anchorPointX": 0,
              "anchorPointY": 0,
              "classType": "CocoStudio.EngineAdapterWrap.CSPanel",
              "colorB": 255,
              "colorG": 255,
              "colorR": 255,
              "customProperty": "",
              "flipX": false,
              "flipY": false,
              "height": 252,
              "ignoreSize": false,
              "layoutParameter": {
                "classname": null,
                "name": null,
                "align": 2,
                "gravity": 0,
                "layoutEageType": 0,
                "layoutNormalHorizontal": 0,
                "layoutNormalVertical": 0,
                "layoutParentHorizontal": 0,
                "layoutParentVertical": 0,
                "marginDown": 0,
                "marginLeft": 0,
                "marginRight": 0,
                "marginTop": 30,
                "relativeName": "changContainer",
                "relativeToName": "changeLayer",
                "type": 2
              },
              "opacity": 255,
              "positionPercentX": 0.090625,
              "positionPercentY": 0.7354597,
              "positionType": 0,
              "rotation": 0,
              "scaleX": 1,
              "scaleY": 1,
              "sizePercentX": 0.81875,
              "sizePercentY": 0.236397743,
              "sizeType": 0,
              "tag": 15,
              "touchAble": true,
              "useMergedTexture": false,
              "visible": true,
              "width": 524,
              "x": 58,
              "y": 784,
              "adaptScreen": false,
              "backGroundImage": null,
              "backGroundImageData": null,
              "backGroundScale9Enable": false,
              "bgColorB": 255,
              "bgColorG": 200,
              "bgColorOpacity": 100,
              "bgColorR": 150,
              "bgEndColorB": 255,
              "bgEndColorG": 200,
              "bgEndColorR": 150,
              "bgStartColorB": 255,
              "bgStartColorG": 255,
              "bgStartColorR": 255,
              "capInsetsHeight": 1,
              "capInsetsWidth": 1,
              "capInsetsX": 0,
              "capInsetsY": 0,
              "clipAble": false,
              "colorType": 1,
              "layoutType": 3,
              "vectorX": 0,
              "vectorY": -0.5
            }
          }
        ],
        "options": {
          "__type": "PanelSurrogate:#EditorCommon.JsonModel.Component.GUI",
          "classname": "Panel",
          "name": "changeLayer",
          "ZOrder": 0,
          "actiontag": 24170571,
          "anchorPointX": 0,
          "anchorPointY": 0,
          "classType": "CocoStudio.EngineAdapterWrap.CSPanel",
          "colorB": 255,
          "colorG": 255,
          "colorR": 255,
          "customProperty": "",
          "flipX": false,
          "flipY": false,
          "height": 1066,
          "ignoreSize": false,
          "layoutParameter": {
            "classname": null,
            "name": null,
            "align": 2,
            "gravity": 0,
            "layoutEageType": 0,
            "layoutNormalHorizontal": 0,
            "layoutNormalVertical": 0,
            "layoutParentHorizontal": 0,
            "layoutParentVertical": 0,
            "marginDown": 0,
            "marginLeft": 0,
            "marginRight": 0,
            "marginTop": 70,
            "relativeName": "changeLayer",
            "relativeToName": "Panel",
            "type": 2
          },
          "opacity": 255,
          "positionPercentX": 0,
          "positionPercentY": -0.183333337,
          "positionType": 0,
          "rotation": 0,
          "scaleX": 1,
          "scaleY": 1,
          "sizePercentX": 1,
          "sizePercentY": 1.11041665,
          "sizeType": 0,
          "tag": 0,
          "touchAble": true,
          "useMergedTexture": false,
          "visible": true,
          "width": 640,
          "x": 0,
          "y": -176,
          "adaptScreen": false,
          "backGroundImage": null,
          "backGroundImageData": null,
          "backGroundScale9Enable": false,
          "bgColorB": 0,
          "bgColorG": 0,
          "bgColorOpacity": 160,
          "bgColorR": 0,
          "bgEndColorB": 255,
          "bgEndColorG": 200,
          "bgEndColorR": 150,
          "bgStartColorB": 255,
          "bgStartColorG": 255,
          "bgStartColorR": 255,
          "capInsetsHeight": 1,
          "capInsetsWidth": 1,
          "capInsetsX": 0,
          "capInsetsY": 0,
          "clipAble": false,
          "colorType": 1,
          "layoutType": 3,
          "vectorX": 0,
          "vectorY": -0.5
        }
      }
    ],
    "options": {
      "__type": "PanelSurrogate:#EditorCommon.JsonModel.Component.GUI",
      "classname": "Panel",
      "name": "Panel",
      "ZOrder": 0,
      "actiontag": -1,
      "anchorPointX": 0,
      "anchorPointY": 0,
      "classType": "CocoStudio.EngineAdapterWrap.CSPanel",
      "colorB": 255,
      "colorG": 255,
      "colorR": 255,
      "customProperty": "",
      "flipX": false,
      "flipY": false,
      "height": 960,
      "ignoreSize": false,
      "layoutParameter": null,
      "opacity": 255,
      "positionPercentX": 0,
      "positionPercentY": 0,
      "positionType": 0,
      "rotation": 0,
      "scaleX": 1,
      "scaleY": 1,
      "sizePercentX": 0,
      "sizePercentY": 0,
      "sizeType": 0,
      "tag": 3,
      "touchAble": true,
      "useMergedTexture": false,
      "visible": true,
      "width": 640,
      "x": 0,
      "y": 0,
      "adaptScreen": false,
      "backGroundImage": null,
      "backGroundImageData": null,
      "backGroundScale9Enable": false,
      "bgColorB": 255,
      "bgColorG": 200,
      "bgColorOpacity": 0,
      "bgColorR": 150,
      "bgEndColorB": 255,
      "bgEndColorG": 200,
      "bgEndColorR": 150,
      "bgStartColorB": 255,
      "bgStartColorG": 255,
      "bgStartColorR": 255,
      "capInsetsHeight": 1,
      "capInsetsWidth": 1,
      "capInsetsX": 0,
      "capInsetsY": 0,
      "clipAble": false,
      "colorType": 1,
      "layoutType": 3,
      "vectorX": 0,
      "vectorY": -0.5
    }
  }
}